{"cameraMode":{"drawMode":0,"name":"Shaded","section":"Shading Mode"},"sceneLighting":true,"audioPlay":false,"sceneViewState":{"m_AlwaysRefresh":false,"showFog":true,"showSkybox":true,"showFlares":true,"showImageEffects":true,"showParticleSystems":true,"showVisualEffectGraphs":true,"m_FxEnabled":true},"in2DMode":false,"pivot":{"x":-0.1309545934200287,"y":0.5453546643257141,"z":-0.6291006803512573},"rotation":{"x":0.12269239127635956,"y":-0.01517478097230196,"z":0.0018852147040888668,"w":0.9923889636993408},"size":0.019892863929271699,"orthographic":false}